1,一
2,丁
3,七
4,万
5,丈
6,三
7,上
8,下
9,不
10,与
11,丐
12,丑
13,专
14,且
15,丕
16,世
17,丘
18,丙
19,业
20,丛
21,东
22,丝
23,丞
24,丢
25,两
26,严
27,丧
28,个
29,丫
30,中
31,丰
32,串
33,临
34,丸
35,丹
36,为
37,主
38,丽
39,举
40,乂
41,乃
42,久
43,么
44,义
45,之
46,乌
47,乍
48,乎
49,乏
50,乐
51,乒
52,乓
53,乔
54,乖
55,乘
56,乙
57,乜
58,九
59,乞
60,也
61,习
62,乡
63,书
64,乩
65,买
66,乱
67,乳
68,乾
69,了
70,予
71,争
72,事
73,二
74,亍
75,于
76,亏
77,云
78,互
79,亓
80,五
81,井
82,亘
83,亚
84,些
85,亟
86,亡
87,亢
88,交
89,亥
90,亦
91,产
92,亨
93,亩
94,享
95,京
96,亭
97,亮
98,亲
99,亳
100,亵
101,亶
102,亸
103,人
104,亿
105,什
106,仁
107,仂
108,仃
109,仄
110,仅
111,仆
112,仇
113,仉
114,今
115,介
116,仍
117,从
118,仑
119,仓
120,仔
121,仕
122,他
123,仗
124,付
125,仙
126,仞
127,仟
128,仡
129,代
130,令
131,以
132,仨
133,仪
134,仫
135,们
136,仰
137,仲
138,仳
139,仵
140,件
141,价
142,任
143,份
144,仿
145,企
146,伉
147,伊
148,伋
149,伍
150,伎
151,伏
152,伐
153,休
154,众
155,优
156,伙
157,会
158,伛
159,伞
160,伟
161,传
162,伢
163,伤
164,伥
165,伦
166,伧
167,伪
168,伫
169,伯
170,估
171,伴
172,伶
173,伸
174,伺
175,似
176,伽
177,伾
178,佃
179,但
180,位
181,低
182,住
183,佐
184,佑
185,体
186,何
187,佗
188,佘
189,余
190,佚
191,佛
192,作
193,佝
194,佞
195,佟
196,你
197,佣
198,佤
199,佥
200,佩
201,佬
202,佯
203,佰
204,佳
205,佴
206,佶
207,佻
208,佼
209,佾
210,使
211,侃
212,侄
213,侈
214,侉
215,例
216,侍
217,侏
218,侑
219,侔
220,侗
221,供
222,依
223,侠
224,侣
225,侥
226,侦
227,侧
228,侨
229,侩
230,侪
231,侬
232,侮
233,侯
234,侵
235,便
236,促
237,俄
238,俅
239,俊
240,俎
241,俏
242,俐
243,俑
244,俗
245,俘
246,俚
247,俜
248,保
249,俞
250,俟
251,信
252,俣
253,俦
254,俨
255,俩
256,俪
257,俭
258,修
259,俯
260,俱
261,俳
262,俵
263,俶
264,俸
265,俺
266,俾
267,倌
268,倍
269,倏
270,倒
271,倓
272,倔
273,倘
274,候
275,倚
276,倜
277,倞
278,借
279,倡
280,倥
281,倦
282,倨
283,倩
284,倪
285,倬
286,倭
287,债
288,倻
289,值
290,倾
291,偃
292,假
293,偈
294,偌
295,偎
296,偏
297,偕
298,做
299,停
300,健
301,偬
302,偲
303,偶
304,偷
305,偻
306,偾
307,偿
308,傀
309,傅
310,傈
311,傍
312,傣
313,傥
314,傧
315,储
316,傩
317,催
318,傲
319,傻
320,僇
321,像
322,僖
323,僚
324,僦
325,僧
326,僬
327,僭
328,僮
329,僰
330,僳
331,僵
332,僻
333,儆
334,儇
335,儋
336,儒
337,儡
338,儿
339,兀
340,允
341,元
342,兄
343,充
344,兆
345,先
346,光
347,克
348,免
349,兑
350,兔
351,兕
352,兖
353,党
354,兜
355,兢
356,入
357,全
358,八
359,公
360,六
361,兮
362,兰
363,共
364,关
365,兴
366,兵
367,其
368,具
369,典
370,兹
371,养
372,兼
373,兽
374,冀
375,冁
376,内
377,冈
378,冉
379,册
380,再
381,冒
382,冕
383,冗
384,写
385,军
386,农
387,冠
388,冢
389,冤
390,冥
391,冬
392,冯
393,冰
394,冱
395,冲
396,决
397,况
398,冶
399,冷
400,冻
401,冼
402,冽
403,净
404,凄
405,准
406,凇
407,凉
408,凋
409,凌
410,减
411,凑
412,凛
413,凝
414,几
415,凡
416,凤
417,凫
418,凭
419,凯
420,凰
421,凳
422,凶
423,凸
424,凹
425,出
426,击
427,凼
428,函
429,凿
430,刀
431,刁
432,刃
433,分
434,切
435,刈
436,刊
437,刍
438,刎
439,刑
440,划
441,刖
442,列
443,刘
444,则
445,刚
446,创
447,初
448,删
449,判
450,刨
451,利
452,别
453,刭
454,刮
455,到
456,刳
457,制
458,刷
459,券
460,刹
461,刺
462,刻
463,刽
464,刿
465,剀
466,剁
467,剂
468,剃
469,剅
470,削
471,剌
472,前
473,剐
474,剑
475,剔
476,剕
477,剖
478,剜
479,剞
480,剟
481,剡
482,剥
483,剧
484,剩
485,剪
486,副
487,割
488,剽
489,剿
490,劁
491,劂
492,劈
493,劐
494,劓
495,力
496,劝
497,办
498,功
499,加
500,务
501,劢
502,劣
503,动
504,助
505,努
506,劫
507,劬
508,劭
509,励
510,劲
511,劳
512,劾
513,势
514,勃
515,勇
516,勉
517,勋
518,勍
519,勐
520,勒
521,勖
522,勘
523,勚
524,募
525,勤
526,勰
527,勺
528,勾
529,勿
530,匀
531,包
532,匆
533,匈
534,匍
535,匏
536,匐
537,匕
538,化
539,北
540,匙
541,匜
542,匝
543,匠
544,匡
545,匣
546,匦
547,匪
548,匮
549,匹
550,区
551,医
552,匾
553,匿
554,十
555,千
556,卅
557,升
558,午
559,卉
560,半
561,华
562,协
563,卑
564,卒
565,卓
566,单
567,卖
568,南
569,博
570,卜
571,卞
572,卟
573,占
574,卡
575,卢
576,卣
577,卤
578,卦
579,卧
580,卫
581,卮
582,卯
583,印
584,危
585,即
586,却
587,卵
588,卷
589,卸
590,卺
591,卿
592,厂
593,厄
594,厅
595,历
596,厉
597,压
598,厌
599,厍
600,厕
601,厘
602,厚
603,厝
604,原
605,厢
606,厣
607,厥
608,厦
609,厨
610,厩
611,厮
612,去
613,厾
614,县
615,叁
616,参
617,又
618,叉
619,及
620,友
621,双
622,反
623,发
624,叔
625,取
626,受
627,变
628,叙
629,叛
630,叟
631,叠
632,口
633,古
634,句
635,另
636,叨
637,叩
638,只
639,叫
640,召
641,叭
642,叮
643,可
644,台
645,叱
646,史
647,右
648,叵
649,叶
650,号
651,司
652,叹
653,叻
654,叼
655,叽
656,吁
657,吃
658,各
659,吆
660,合
661,吉
662,吊
663,同
664,名
665,后
666,吏
667,吐
668,向
669,吓
670,吕
671,吗
672,君
673,吝
674,吞
675,吟
676,吠
677,吡
678,吣
679,否
680,吧
681,吨
682,吩
683,含
684,听
685,吭
686,吮
687,启
688,吱
689,吲
690,吴
691,吵
692,吸
693,吹
694,吻
695,吼
696,吾
697,呀
698,呃
699,呆
700,呈
701,告
702,呋
703,呐
704,呓
705,呔
706,呕
707,呖
708,呗
709,员
710,呙
711,呛
712,呜
713,呢
714,呤
715,呦
716,周
717,呱
718,呲
719,味
720,呵
721,呶
722,呷
723,呸
724,呻
725,呼
726,命
727,咀
728,咂
729,咄
730,咆
731,咋
732,和
733,咎
734,咏
735,咐
736,咒
737,咔
738,咕
739,咖
740,咙
741,咚
742,咛
743,咝
744,咣
745,咤
746,咦
747,咧
748,咨
749,咩
750,咪
751,咫
752,咬
753,咭
754,咯
755,咱
756,咳
757,咴
758,咸
759,咻
760,咽
761,咿
762,哀
763,品
764,哂
765,哄
766,哆
767,哇
768,哈
769,哉
770,哌
771,响
772,哎
773,哏
774,哐
775,哑
776,哓
777,哔
778,哕
779,哗
780,哙
781,哚
782,哝
783,哞
784,哟
785,哥
786,哦
787,哧
788,哨
789,哩
790,哪
791,哭
792,哮
793,哲
794,哳
795,哺
796,哼
797,哽
798,哿
799,唁
800,唆
801,唇
802,唉
803,唏
804,唐
805,唑
806,唔
807,唛
808,唝
809,唠
810,唢
811,唣
812,唤
813,唧
814,唪
815,唬
816,售
817,唯
818,唱
819,唳
820,唷
821,唼
822,唾
823,唿
824,啁
825,啃
826,啄
827,商
828,啉
829,啊
830,啐
831,啕
832,啖
833,啜
834,啡
835,啤
836,啥
837,啦
838,啧
839,啪
840,啬
841,啭
842,啮
843,啰
844,啴
845,啵
846,啶
847,啷
848,啸
849,啻
850,啼
851,啾
852,喀
853,喁
854,喂
855,喃
856,善
857,喇
858,喈
859,喉
860,喊
861,喋
862,喏
863,喑
864,喔
865,喘
866,喙
867,喜
868,喝
869,喟
870,喤
871,喧
872,喱
873,喳
874,喵
875,喷
876,喹
877,喻
878,喽
879,喾
880,嗄
881,嗅
882,嗉
883,嗌
884,嗍
885,嗑
886,嗒
887,嗓
888,嗔
889,嗖
890,嗜
891,嗝
892,嗞
893,嗟
894,嗡
895,嗣
896,嗤
897,嗥
898,嗦
899,嗨
900,嗪
901,嗫
902,嗬
903,嗯
904,嗲
905,嗳
906,嗵
907,嗷
908,嗽
909,嗾
910,嘀
911,嘁
912,嘈
913,嘉
914,嘌
915,嘎
916,嘏
917,嘘
918,嘚
919,嘛
920,嘞
921,嘟
922,嘡
923,嘣
924,嘤
925,嘧
926,嘬
927,嘭
928,嘱
929,嘲
930,嘴
931,嘶
932,嘹
933,嘻
934,嘿
935,噀
936,噌
937,噍
938,噎
939,噔
940,噗
941,噙
942,噜
943,噢
944,噤
945,器
946,噩
947,噪
948,噫
949,噬
950,噱
951,噶
952,噻
953,噼
954,嚄
955,嚅
956,嚆
957,嚎
958,嚏
959,嚓
960,嚚
961,嚣
962,嚯
963,嚷
964,嚼
965,囊
966,囔
967,囚
968,四
969,囝
970,回
971,囟
972,因
973,囡
974,团
975,囤
976,囫
977,园
978,困
979,囱
980,围
981,囵
982,囹
983,固
984,国
985,图
986,囿
987,圃
988,圄
989,圆
990,圈
991,圉
992,圊
993,圜
994,土
995,圣
996,在
997,圩
998,圪
999,圬
1000,圭
1001,圮
1002,圯
1003,地
1004,圳
1005,圹
1006,场
1007,圻
1008,圾
1009,址
1010,坂
1011,均
1012,坊
1013,坌
1014,坍
1015,坎
1016,坏
1017,坐
1018,坑
1019,块
1020,坚
1021,坛
1022,坜
1023,坝
1024,坞
1025,坟
1026,坠
1027,坡
1028,坤
1029,坦
1030,坨
1031,坩
1032,坪
1033,坫
1034,坭
1035,坯
1036,坳
1037,坷
1038,坻
1039,坼
1040,垂
1041,垃
1042,垄
1043,垅
1044,垆
1045,型
1046,垌
1047,垍
1048,垒
1049,垓
1050,垛
1051,垞
1052,垟
1053,垠
1054,垡
1055,垢
1056,垣
1057,垤
1058,垦
1059,垧
1060,垩
1061,垫
1062,垭
1063,垮
1064,垯
1065,垱
1066,垲
1067,垸
1068,埂
1069,埃
1070,埋
1071,城
1072,埏
1073,埒
1074,埔
1075,埕
1076,埘
1077,埙
1078,埚
1079,埝
1080,域
1081,埠
1082,埭
1083,埯
1084,埴
1085,埸
1086,培
1087,基
1088,埼
1089,埽
1090,堂
1091,堆
1092,堇
1093,堉
1094,堋
1095,堌
1096,堍
1097,堑
1098,堕
1099,堙
1100,堞
1101,堠
1102,堡
1103,堤
1104,堪
1105,堰
1106,堵
1107,塃
1108,塄
1109,塆
1110,塈
1111,塌
1112,塍
1113,塑
1114,塔
1115,塘
1116,塞
1117,塥
1118,填
1119,塬
1120,塮
1121,塾
1122,墀
1123,墁
1124,境
1125,墅
1126,墈
1127,墉
1128,墒
1129,墓
1130,墙
1131,增
1132,墟
1133,墦
1134,墨
1135,墩
1136,墼
1137,壁
1138,壅
1139,壑
1140,壕
1141,壤
1142,士
1143,壬
1144,壮
1145,声
1146,壳
1147,壶
1148,壹
1149,处
1150,备
1151,复
1152,夏
1153,夔
1154,夕
1155,外
1156,夙
1157,多
1158,夜
1159,够
1160,夤
1161,夥
1162,大
1163,天
1164,太
1165,夫
1166,夬
1167,夭
1168,央
1169,夯
1170,失
1171,头
1172,夷
1173,夸
1174,夹
1175,夺
1176,夼
1177,奁
1178,奂
1179,奄
1180,奇
1181,奈
1182,奉
1183,奋
1184,奎
1185,奏
1186,契
1187,奔
1188,奕
1189,奖
1190,套
1191,奘
1192,奚
1193,奠
1194,奢
1195,奥
1196,奭
1197,女
1198,奴
1199,奶
1200,奸
1201,她
1202,好
1203,妁
1204,如
1205,妃
1206,妄
1207,妆
1208,妇
1209,妈
1210,妊
1211,妍
1212,妒
1213,妓
1214,妖
1215,妗
1216,妙
1217,妞
1218,妣
1219,妤
1220,妥
1221,妨
1222,妩
1223,妪
1224,妫
1225,妮
1226,妯
1227,妲
1228,妹
1229,妻
1230,妾
1231,姆
1232,姊
1233,始
1234,姐
1235,姑
1236,姒
1237,姓
1238,委
1239,姗
1240,姘
1241,姚
1242,姜
1243,姝
1244,姞
1245,姣
1246,姥
1247,姨
1248,姬
1249,姹
1250,姻
1251,姽
1252,姿
1253,威
1254,娃
1255,娄
1256,娅
1257,娆
1258,娇
1259,娈
1260,娉
1261,娌
1262,娑
1263,娓
1264,娘
1265,娜
1266,娟
1267,娠
1268,娣
1269,娥
1270,娩
1271,娱
1272,娲
1273,娴
1274,娶
1275,娼
1276,婀
1277,婆
1278,婉
1279,婊
1280,婕
1281,婚
1282,婞
1283,婢
1284,婧
1285,婪
1286,婳
1287,婴
1288,婵
1289,婶
1290,婷
1291,婺
1292,婿
1293,媒
1294,媚
1295,媛
1296,媪
1297,媲
1298,媳
1299,媵
1300,媸
1301,媾
1302,嫁
1303,嫂
1304,嫉
1305,嫌
1306,嫒
1307,嫔
1308,嫖
1309,嫘
1310,嫚
1311,嫜
1312,嫠
1313,嫡
1314,嫣
1315,嫦
1316,嫩
1317,嫪
1318,嫫
1319,嫱
1320,嬉
1321,嬖
1322,嬗
1323,嬴
1324,嬷
1325,孀
1326,子
1327,孑
1328,孓
1329,孔
1330,孕
1331,字
1332,存
1333,孙
1334,孚
1335,孛
1336,孜
1337,孝
1338,孟
1339,孢
1340,季
1341,孤
1342,孥
1343,学
1344,孩
1345,孪
1346,孬
1347,孰
1348,孱
1349,孳
1350,孵
1351,孺
1352,孽
1353,宁
1354,它
1355,宄
1356,宅
1357,宇
1358,守
1359,安
1360,宋
1361,完
1362,宏
1363,宓
1364,宕
1365,宗
1366,官
1367,宙
1368,定
1369,宛
1370,宜
1371,宝
1372,实
1373,宠
1374,审
1375,客
1376,宣
1377,室
1378,宥
1379,宦
1380,宪
1381,宫
1382,宬
1383,宰
1384,害
1385,宴
1386,宵
1387,家
1388,宸
1389,容
1390,宽
1391,宾
1392,宿
1393,寂
1394,寄
1395,寅
1396,密
1397,寇
1398,富
1399,寐
1400,寒
1401,寓
1402,寝
1403,寞
1404,察
1405,寡
1406,寤
1407,寥
1408,寨
1409,寮
1410,寰
1411,寸
1412,对
1413,寺
1414,寻
1415,导
1416,寿
1417,封
1418,射
1419,将
1420,尉
1421,尊
1422,小
1423,少
1424,尔
1425,尕
1426,尖
1427,尘
1428,尚
1429,尜
1430,尝
1431,尤
1432,尥
1433,尧
1434,尬
1435,就
1436,尴
1437,尸
1438,尹
1439,尺
1440,尻
1441,尼
1442,尽
1443,尾
1444,尿
1445,局
1446,屁
1447,层
1448,屃
1449,居
1450,屈
1451,屉
1452,届
1453,屋
1454,屎
1455,屏
1456,屐
1457,屑
1458,展
1459,屙
1460,属
1461,屠
1462,屡
1463,屣
1464,履
1465,屦
1466,屯
1467,山
1468,屹
1469,屺
1470,屿
1471,岁
1472,岂
1473,岈
1474,岌
1475,岍
1476,岐
1477,岑
1478,岔
1479,岖
1480,岗
1481,岘
1482,岙
1483,岚
1484,岛
1485,岢
1486,岣
1487,岩
1488,岫
1489,岬
1490,岭
1491,岱
1492,岳
1493,岵
1494,岷
1495,岸
1496,岿
1497,峁
1498,峂
1499,峄
1500,峋
1501,峒
1502,峙
1503,峡
1504,峣
1505,峤
1506,峥
1507,峦
1508,峧
1509,峨
1510,峪
1511,峭
1512,峰
1513,峻
1514,崂
1515,崃
1516,崆
1517,崇
1518,崎
1519,崔
1520,崖
1521,崛
1522,崞
1523,崟
1524,崤
1525,崦
1526,崩
1527,崭
1528,崮
1529,崴
1530,崽
1531,嵇
1532,嵊
1533,嵋
1534,嵌
1535,嵎
1536,嵖
1537,嵘
1538,嵚
1539,嵛
1540,嵝
1541,嵩
1542,嵫
1543,嵬
1544,嵯
1545,嵴
1546,嶂
1547,嶓
1548,嶙
1549,嶝
1550,嶷
1551,巅
1552,巉
1553,巍
1554,川
1555,州
1556,巡
1557,巢
1558,工
1559,左
1560,巧
1561,巨
1562,巩
1563,巫
1564,差
1565,巯
1566,己
1567,已
1568,巳
1569,巴
1570,巷
1571,巽
1572,巾
1573,币
1574,市
1575,布
1576,帅
1577,帆
1578,师
1579,希
1580,帏
1581,帐
1582,帑
1583,帔
1584,帕
1585,帖
1586,帘
1587,帙
1588,帚
1589,帛
1590,帜
1591,帝
1592,帡
1593,带
1594,帧
1595,席
1596,帮
1597,帱
1598,帷
1599,常
1600,帻
1601,帼
1602,帽
1603,幂
1604,幄
1605,幅
1606,幌
1607,幔
1608,幕
1609,幛
1610,幞
1611,幡
1612,幢
1613,幪
1614,干
1615,平
1616,年
1617,并
1618,幸
1619,幺
1620,幻
1621,幼
1622,幽
1623,广
1624,庀
1625,庄
1626,庆
1627,庇
1628,床
1629,庋
1630,序
1631,庐
1632,庑
1633,库
1634,应
1635,底
1636,庖
1637,店
1638,庙
1639,庚
1640,府
1641,庞
1642,废
1643,庠
1644,庤
1645,庥
1646,度
1647,座
1648,庭
1649,庳
1650,庵
1651,庶
1652,康
1653,庸
1654,庹
1655,庼
1656,庾
1657,廉
1658,廊
1659,廋
1660,廒
1661,廓
1662,廖
1663,廙
1664,廛
1665,廨
1666,廪
1667,延
1668,廷
1669,建
1670,廿
1671,开
1672,弁
1673,异
1674,弃
1675,弄
1676,弇
1677,弈
1678,弊
1679,弋
1680,式
1681,弑
1682,弓
1683,引
1684,弗
1685,弘
1686,弛
1687,弟
1688,张
1689,弥
1690,弦
1691,弧
1692,弩
1693,弭
1694,弯
1695,弱
1696,弹
1697,强
1698,弼
1699,彀
1700,归
1701,当
1702,录
1703,彖
1704,彗
1705,彘
1706,彝
1707,形
1708,彤
1709,彦
1710,彧
1711,彩
1712,彪
1713,彬
1714,彭
1715,彰
1716,影
1717,彳
1718,彷
1719,役
1720,彻
1721,彼
1722,往
1723,征
1724,徂
1725,径
1726,待
1727,徇
1728,很
1729,徉
1730,徊
1731,律
1732,徐
1733,徒
1734,徕
1735,得
1736,徘
1737,徙
1738,徜
1739,御
1740,徨
1741,循
1742,徭
1743,微
1744,徵
1745,德
1746,徼
1747,徽
1748,心
1749,必
1750,忆
1751,忉
1752,忌
1753,忍
1754,忏
1755,忐
1756,忑
1757,忒
1758,忖
1759,志
1760,忘
1761,忙
1762,忝
1763,忠
1764,忡
1765,忤
1766,忧
1767,忪
1768,快
1769,忭
1770,忮
1771,忱
1772,念
1773,忸
1774,忻
1775,忽
1776,忾
1777,忿
1778,怀
1779,态
1780,怂
1781,怃
1782,怄
1783,怅
1784,怆
1785,怊
1786,怍
1787,怎
1788,怏
1789,怒
1790,怔
1791,怕
1792,怖
1793,怙
1794,怛
1795,怜
1796,思
1797,怠
1798,怡
1799,急
1800,怦
1801,性
1802,怨
1803,怩
1804,怪
1805,怫
1806,怯
1807,怵
1808,总
1809,怼
1810,怿
1811,恁
1812,恂
1813,恃
1814,恋
1815,恍
1816,恐
1817,恒
1818,恕
1819,恙
1820,恚
1821,恝
1822,恢
1823,恣
1824,恤
1825,恧
1826,恨
1827,恩
1828,恪
1829,恫
1830,恬
1831,恭
1832,息
1833,恰
1834,恳
1835,恶
1836,恸
1837,恹
1838,恺
1839,恻
1840,恼
1841,恽
1842,恿
1843,悃
1844,悄
1845,悉
1846,悌
1847,悍
1848,悒
1849,悔
1850,悖
1851,悚
1852,悛
1853,悝
1854,悟
1855,悠
1856,悢
1857,患
1858,悦
1859,您
1860,悫
1861,悬
1862,悭
1863,悯
1864,悱
1865,悲
1866,悴
1867,悸
1868,悻
1869,悼
1870,情
1871,惆
1872,惇
1873,惊
1874,惋
1875,惑
1876,惕
1877,惘
1878,惚
1879,惜
1880,惝
1881,惟
1882,惠
1883,惦
1884,惧
1885,惨
1886,惩
1887,惫
1888,惬
1889,惭
1890,惮
1891,惯
1892,惰
1893,想
1894,惴
1895,惶
1896,惹
1897,惺
1898,愀
1899,愁
1900,愆
1901,愈
1902,愉
1903,愎
1904,意
1905,愔
1906,愕
1907,愚
1908,感
1909,愠
1910,愣
1911,愤
1912,愦
1913,愧
1914,愫
1915,愿
1916,慈
1917,慊
1918,慌
1919,慎
1920,慑
1921,慕
1922,慝
1923,慢
1924,慥
1925,慧
1926,慨
1927,慭
1928,慰
1929,慵
1930,慷
1931,憋
1932,憎
1933,憔
1934,憝
1935,憧
1936,憨
1937,憩
1938,憬
1939,憷
1940,憾
1941,懂
1942,懈
1943,懊
1944,懋
1945,懑
1946,懒
1947,懦
1948,懵
1949,懿
1950,戆
1951,戈
1952,戊
1953,戋
1954,戌
1955,戍
1956,戎
1957,戏
1958,成
1959,我
1960,戒
1961,戕
1962,或
1963,戗
1964,战
1965,戚
1966,戛
1967,戟
1968,戡
1969,戢
1970,戥
1971,截
1972,戬
1973,戮
1974,戳
1975,戴
1976,户
1977,戽
1978,戾
1979,房
1980,所
1981,扁
1982,扃
1983,扅
1984,扇
1985,扈
1986,扉
1987,扊
1988,手
1989,才
1990,扎
1991,扑
1992,扒
1993,打
1994,扔
1995,托
1996,扛
1997,扣
1998,扦
1999,执
2000,扩
2001,扪
2002,扫
2003,扬
2004,扭
2005,扮
2006,扯
2007,扰
2008,扳
2009,扶
2010,批
2011,扺
2012,扼
2013,找
2014,承
2015,技
2016,抃
2017,抄
2018,抉
2019,把
2020,抑
2021,抒
2022,抓
2023,抔
2024,投
2025,抖
2026,抗
2027,折
2028,抚
2029,抛
2030,抟
2031,抠
2032,抡
2033,抢
2034,护
2035,报
2036,抨
2037,披
2038,抬
2039,抱
2040,抵
2041,抹
2042,抻
2043,押
2044,抽
2045,抿
2046,拂
2047,拃
2048,拄
2049,担
2050,拆
2051,拇
2052,拈
2053,拉
2054,拊
2055,拌
2056,拍
2057,拎
2058,拐
2059,拒
2060,拓
2061,拔
2062,拖
2063,拗
2064,拘
2065,拙
2066,拚
2067,招
2068,拜
2069,拟
2070,拢
2071,拣
2072,拤
2073,拥
2074,拦
2075,拧
2076,拨
2077,择
2078,括
2079,拭
2080,拮
2081,拯
2082,拱
2083,拳
2084,拴
2085,拶
2086,拷
2087,拼
2088,拽
2089,拾
2090,拿
2091,持
2092,挂
2093,指
2094,挈
2095,按
2096,挎
2097,挑
2098,挖
2099,挚
2100,挛
2101,挝
2102,挞
2103,挟
2104,挠
2105,挡
2106,挢
2107,挣
2108,挤
2109,挥
2110,挦
2111,挨
2112,挪
2113,挫
2114,振
2115,挲
2116,挹
2117,挺
2118,挽
2119,捂
2120,捃
2121,捅
2122,捆
2123,捉
2124,捋
2125,捌
2126,捍
2127,捎
2128,捏
2129,捐
2130,捕
2131,捞
2132,损
2133,捡
2134,换
2135,捣
2136,捧
2137,捩
2138,捭
2139,据
2140,捯
2141,捶
2142,捷
2143,捺
2144,捻
2145,掀
2146,掂
2147,掇
2148,授
2149,掉
2150,掊
2151,掌
2152,掎
2153,掏
2154,掐
2155,排
2156,掖
2157,掘
2158,掠
2159,探
2160,掣
2161,接
2162,控
2163,推
2164,掩
2165,措
2166,掬
2167,掭
2168,掮
2169,掰
2170,掳
2171,掴
2172,掷
2173,掸
2174,掺
2175,掼
2176,掾
2177,揄
2178,揆
2179,揉
2180,揍
2181,揎
2182,描
2183,提
2184,插
2185,揖
2186,揞
2187,揠
2188,握
2189,揣
2190,揩
2191,揪
2192,揭
2193,揳
2194,援
2195,揶
2196,揸
2197,揽
2198,揾
2199,揿
2200,搀
2201,搁
2202,搂
2203,搅
2204,搋
2205,搌
2206,搏
2207,搐
2208,搒
2209,搓
2210,搔
2211,搛
2212,搜
2213,搞
2214,搠
2215,搡
2216,搦
2217,搪
2218,搬
2219,搭
2220,搴
2221,携
2222,搽
2223,摁
2224,摄
2225,摅
2226,摆
2227,摇
2228,摈
2229,摊
2230,摒
2231,摔
2232,摘
2233,摞
2234,摧
2235,摩
2236,摭
2237,摸
2238,摹
2239,摺
2240,摽
2241,撂
2242,撄
2243,撅
2244,撇
2245,撑
2246,撒
2247,撕
2248,撖
2249,撙
2250,撞
2251,撤
2252,撩
2253,撬
2254,播
2255,撮
2256,撰
2257,撵
2258,撷
2259,撸
2260,撺
2261,撼
2262,擀
2263,擂
2264,擅
2265,操
2266,擎
2267,擐
2268,擒
2269,擘
2270,擞
2271,擢
2272,擤
2273,擦
2274,攀
2275,攉
2276,攒
2277,攘
2278,攥
2279,攫
2280,攮
2281,支
2282,收
2283,攸
2284,改
2285,攻
2286,放
2287,政
2288,故
2289,效
2290,敉
2291,敌
2292,敏
2293,救
2294,敕
2295,敖
2296,教
2297,敛
2298,敝
2299,敞
2300,敢
2301,散
2302,敦
2303,敫
2304,敬
2305,数
2306,敲
2307,整
2308,敷
2309,文
2310,斋
2311,斌
2312,斐
2313,斑
2314,斓
2315,斗
2316,料
2317,斛
2318,斜
2319,斝
2320,斟
2321,斡
2322,斤
2323,斥
2324,斧
2325,斩
2326,斫
2327,断
2328,斯
2329,新
2330,方
2331,於
2332,施
2333,旁
2334,旃
2335,旄
2336,旅
2337,旆
2338,旋
2339,旌
2340,旎
2341,族
2342,旒
2343,旖
2344,旗
2345,无
2346,既
2347,日
2348,旦
2349,旧
2350,旨
2351,早
2352,旬
2353,旭
2354,旮
2355,旯
2356,旰
2357,旱
2358,时
2359,旷
2360,旸
2361,旺
2362,旻
2363,昀
2364,昂
2365,昃
2366,昆
2367,昉
2368,昊
2369,昌
2370,明
2371,昏
2372,易
2373,昔
2374,昕
2375,昙
2376,昝
2377,星
2378,映
2379,春
2380,昧
2381,昨
2382,昭
2383,是
2384,昱
2385,昴
2386,昵
2387,昶
2388,昼
2389,昽
2390,显
2391,晁
2392,晃
2393,晋
2394,晌
2395,晏
2396,晒
2397,晓
2398,晔
2399,晕
2400,晖
2401,晗
2402,晚
2403,晞
2404,晟
2405,晡
2406,晢
2407,晤
2408,晦
2409,晨
2410,普
2411,景
2412,晰
2413,晴
2414,晶
2415,晷
2416,智
2417,晾
2418,暂
2419,暄
2420,暅
2421,暇
2422,暌
2423,暑
2424,暖
2425,暗
2426,暝
2427,暧
2428,暨
2429,暮
2430,暴
2431,暹
2432,暾
2433,曈
2434,曙
2435,曛
2436,曜
2437,曝
2438,曦
2439,曩
2440,曰
2441,曲
2442,曳
2443,更
2444,曷
2445,曹
2446,曼
2447,曾
2448,替
2449,最
2450,月
2451,有
2452,朊
2453,朋
2454,服
2455,朐
2456,朔
2457,朕
2458,朗
2459,朘
2460,望
2461,朝
2462,期
2463,朦
2464,木
2465,未
2466,末
2467,本
2468,札
2469,术
2470,朱
2471,朴
2472,朵
2473,机
2474,朽
2475,杀
2476,杂
2477,权
2478,杆
2479,杈
2480,杉
2481,杌
2482,李
2483,杏
2484,材
2485,村
2486,杓
2487,杖
2488,杜
2489,杞
2490,束
2491,杠
2492,条
2493,来
2494,杧
2495,杨
2496,杪
2497,杭
2498,杯
2499,杰
2500,杲
2501,杳
2502,杵
2503,杷
2504,杻
2505,杼
2506,松
2507,板
2508,极
2509,构
2510,枇
2511,枉
2512,枋
2513,析
2514,枕
2515,林
2516,枘
2517,枚
2518,果
2519,枝
2520,枞
2521,枢
2522,枣
2523,枥
2524,枧
2525,枨
2526,枪
2527,枫
2528,枭
2529,枯
2530,枰
2531,枳
2532,枵
2533,架
2534,枷
2535,枸
2536,柁
2537,柃
2538,柄
2539,柈
2540,柏
2541,某
2542,柑
2543,柒
2544,染
2545,柔
2546,柘
2547,柙
2548,柚
2549,柜
2550,柝
2551,柞
2552,柠
2553,柢
2554,查
2555,柩
2556,柬
2557,柯
2558,柰
2559,柱
2560,柳
2561,柴
2562,柽
2563,柿
2564,栀
2565,栅
2566,标
2567,栈
2568,栉
2569,栊
2570,栋
2571,栌
2572,栎
2573,栏
2574,树
2575,栒
2576,栓
2577,栖
2578,栗
2579,栝
2580,栟
2581,校
2582,栩
2583,株
2584,栲
2585,栳
2586,样
2587,核
2588,根
2589,格
2590,栽
2591,栾
2592,桀
2593,桁
2594,桂
2595,桃
2596,桄
2597,桅
2598,框
2599,案
2600,桉
2601,桊
2602,桌
2603,桎
2604,桐
2605,桑
2606,桓
2607,桔
2608,桕
2609,桡
2610,桢
2611,档
2612,桤
2613,桥
2614,桦
2615,桧
2616,桨
2617,桩
2618,桫
2619,桴
2620,桶
2621,桷
2622,梁
2623,梃
2624,梅
2625,梆
2626,梏
2627,梓
2628,梗
2629,梢
2630,梦
2631,梧
2632,梨
2633,梭
2634,梯
2635,械
2636,梳
2637,梵
2638,梽
2639,梾
2640,检
2641,棁
2642,棂
2643,棉
2644,棋
2645,棍
2646,棒
2647,棕
2648,棘
2649,棚
2650,棠
2651,棣
2652,棨
2653,棬
2654,森
2655,棰
2656,棱
2657,棵
2658,棹
2659,棺
2660,棻
2661,棼
2662,椁
2663,椅
2664,椋
2665,植
2666,椎
2667,椐
2668,椑
2669,椒
2670,椟
2671,椠
2672,椤
2673,椭
2674,椰
2675,椴
2676,椽
2677,椿
2678,楂
2679,楔
2680,楗
2681,楚
2682,楝
2683,楞
2684,楠
2685,楣
2686,楦
2687,楫
2688,楮
2689,楯
2690,楷
2691,楸
2692,楹
2693,楼
2694,榀
2695,概
2696,榄
2697,榆
2698,榇
2699,榈
2700,榉
2701,榍
2702,榔
2703,榕
2704,榖
2705,榛
2706,榜
2707,榧
2708,榨
2709,榫
2710,榭
2711,榴
2712,榷
2713,榻
2714,槁
2715,槊
2716,槌
2717,槎
2718,槐
2719,槔
2720,槚
2721,槛
2722,槜
2723,槟
2724,槠
2725,槭
2726,槲
2727,槽
2728,槿
2729,樊
2730,樗
2731,樘
2732,樟
2733,模
2734,樨
2735,横
2736,樯
2737,樱
2738,樵
2739,樽
2740,樾
2741,橄
2742,橇
2743,橐
2744,橘
2745,橙
2746,橛
2747,橡
2748,橥
2749,橦
2750,橱
2751,橹
2752,橼
2753,檀
2754,檄
2755,檎
2756,檐
2757,檑
2758,檗
2759,檠
2760,檩
2761,檫
2762,檬
2763,檵
2764,欠
2765,次
2766,欢
2767,欣
2768,欤
2769,欧
2770,欲
2771,欸
2772,欺
2773,款
2774,歃
2775,歆
2776,歇
2777,歉
2778,歌
2779,歙
2780,止
2781,正
2782,此
2783,步
2784,武
2785,歧
2786,歪
2787,歹
2788,死
2789,歼
2790,殁
2791,殂
2792,殃
2793,殄
2794,殆
2795,殇
2796,殉
2797,殊
2798,残
2799,殍
2800,殒
2801,殓
2802,殖
2803,殚
2804,殛
2805,殡
2806,殣
2807,殪
2808,殳
2809,殴
2810,段
2811,殷
2812,殿
2813,毁
2814,毂
2815,毅
2816,毋
2817,母
2818,每
2819,毐
2820,毒
2821,毓
2822,比
2823,毕
2824,毖
2825,毗
2826,毙
2827,毛
2828,毡
2829,毪
2830,毫
2831,毯
2832,毳
2833,毵
2834,毹
2835,毽
2836,氅
2837,氆
2838,氇
2839,氍
2840,氏
2841,氐
2842,民
2843,氓
2844,气
2845,氕
2846,氖
2847,氘
2848,氙
2849,氚
2850,氛
2851,氟
2852,氡
2853,氢
2854,氤
2855,氦
2856,氧
2857,氨
2858,氩
2859,氪
2860,氮
2861,氯
2862,氰
2863,氲
2864,水
2865,永
2866,氽
2867,汀
2868,汁
2869,求
2870,汆
2871,汇
2872,汈
2873,汉
2874,汊
2875,汐
2876,汔
2877,汕
2878,汗
2879,汛
2880,汜
2881,汝
2882,汞
2883,江
2884,池
2885,污
2886,汤
2887,汨
2888,汩
2889,汪
2890,汭
2891,汰
2892,汲
2893,汴
2894,汶
2895,汹
2896,汽
2897,汾
2898,沁
2899,沂
2900,沃
2901,沄
2902,沅
2903,沆
2904,沈
2905,沉
2906,沌
2907,沏
2908,沐
2909,沓
2910,沔
2911,沘
2912,沙
2913,沚
2914,沛
2915,沟
2916,没
2917,沣
2918,沤
2919,沥
2920,沦
2921,沧
2922,沨
2923,沩
2924,沪
2925,沫
2926,沭
2927,沮
2928,沱
2929,河
2930,沸
2931,油
2932,治
2933,沼
2934,沽
2935,沾
2936,沿
2937,泃
2938,泄
2939,泅
2940,泉
2941,泊
2942,泌
2943,泐
2944,泓
2945,泔
2946,法
2947,泖
2948,泗
2949,泚
2950,泛
2951,泜
2952,泞
2953,泠
2954,泡
2955,波
2956,泣
2957,泥
2958,注
2959,泪
2960,泫
2961,泮
2962,泯
2963,泰
2964,泱
2965,泳
2966,泵
2967,泷
2968,泸
2969,泺
2970,泻
2971,泼
2972,泽
2973,泾
2974,洁
2975,洄
2976,洇
2977,洋
2978,洌
2979,洎
2980,洑
2981,洒
2982,洗
2983,洙
2984,洚
2985,洛
2986,洞
2987,洣
2988,津
2989,洧
2990,洨
2991,洪
2992,洫
2993,洮
2994,洱
2995,洲
2996,洳
2997,洴
2998,洵
2999,洹
3000,洺
3001,活
3002,洼
3003,洽
3004,派
3005,流
3006,浃
3007,浅
3008,浆
3009,浇
3010,浈
3011,浉
3012,浊
3013,测
3014,浍
3015,济
3016,浏
3017,浐
3018,浑
3019,浒
3020,浓
3021,浔
3022,浕
3023,浙
3024,浚
3025,浜
3026,浞
3027,浠
3028,浡
3029,浣
3030,浥
3031,浦
3032,浩
3033,浪
3034,浮
3035,浯
3036,浴
3037,海
3038,浸
3039,浼
3040,涂
3041,涅
3042,消
3043,涉
3044,涌
3045,涎
3046,涑
3047,涓
3048,涔
3049,涕
3050,涘
3051,涛
3052,涝
3053,涞
3054,涟
3055,涠
3056,涡
3057,涢
3058,涣
3059,涤
3060,润
3061,涧
3062,涨
3063,涩
3064,涪
3065,涫
3066,涮
3067,涯
3068,液
3069,涵
3070,涸
3071,涿
3072,淀
3073,淄
3074,淅
3075,淆
3076,淇
3077,淋
3078,淌
3079,淏
3080,淑
3081,淖
3082,淘
3083,淙
3084,淝
3085,淞
3086,淠
3087,淡
3088,淤
3089,淦
3090,淫
3091,淬
3092,淮
3093,深
3094,淳
3095,混
3096,淹
3097,添
3098,清
3099,渊
3100,渌
3101,渍
3102,渎
3103,渐
3104,渑
3105,渔
3106,渗
3107,渚
3108,渝
3109,渠
3110,渡
3111,渣
3112,渤
3113,渥
3114,温
3115,渫
3116,渭
3117,港
3118,渲
3119,渴
3120,游
3121,渺
3122,湃
3123,湄
3124,湉
3125,湍
3126,湎
3127,湔
3128,湖
3129,湘
3130,湛
3131,湜
3132,湝
3133,湟
3134,湨
3135,湫
3136,湮
3137,湲
3138,湾
3139,湿
3140,溃
3141,溅
3142,溆
3143,溇
3144,溉
3145,溏
3146,源
3147,溘
3148,溜
3149,溟
3150,溠
3151,溢
3152,溥
3153,溦
3154,溧
3155,溪
3156,溯
3157,溱
3158,溲
3159,溴
3160,溶
3161,溷
3162,溺
3163,溻
3164,溽
3165,滁
3166,滂
3167,滃
3168,滇
3169,滋
3170,滍
3171,滏
3172,滑
3173,滓
3174,滔
3175,滕
3176,滗
3177,滘
3178,滚
3179,滞
3180,滟
3181,滠
3182,满
3183,滢
3184,滤
3185,滥
3186,滦
3187,滨
3188,滩
3189,滪
3190,滫
3191,滴
3192,滹
3193,漂
3194,漆
3195,漉
3196,漏
3197,漓
3198,演
3199,漕
3200,漠
3201,漤
3202,漩
3203,漪
3204,漫
3205,漭
3206,漯
3207,漱
3208,漳
3209,漶
3210,漾
3211,潆
3212,潇
3213,潋
3214,潍
3215,潏
3216,潘
3217,潜
3218,潞
3219,潟
3220,潢
3221,潦
3222,潭
3223,潮
3224,潲
3225,潴
3226,潵
3227,潸
3228,潺
3229,潼
3230,潽
3231,澄
3232,澈
3233,澉
3234,澌
3235,澍
3236,澎
3237,澜
3238,澡
3239,澥
3240,澧
3241,澳
3242,澴
3243,澶
3244,澹
3245,澼
3246,激
3247,濂
3248,濉
3249,濑
3250,濒
3251,濞
3252,濠
3253,濡
3254,濮
3255,濯
3256,瀌
3257,瀍
3258,瀑
3259,瀚
3260,瀛
3261,瀣
3262,瀵
3263,瀹
3264,灌
3265,灏
3266,灞
3267,火
3268,灭
3269,灯
3270,灰
3271,灵
3272,灶
3273,灸
3274,灼
3275,灾
3276,灿
3277,炀
3278,炅
3279,炉
3280,炊
3281,炎
3282,炒
3283,炔
3284,炕
3285,炖
3286,炙
3287,炜
3288,炝
3289,炟
3290,炫
3291,炬
3292,炭
3293,炮
3294,炯
3295,炱
3296,炳
3297,炷
3298,炸
3299,点
3300,炻
3301,炼
3302,炽
3303,烀
3304,烁
3305,烂
3306,烃
3307,烈
3308,烊
3309,烘
3310,烙
3311,烛
3312,烜
3313,烝
3314,烟
3315,烤
3316,烦
3317,烧
3318,烨
3319,烩
3320,烫
3321,烬
3322,热
3323,烯
3324,烷
3325,烹
3326,烺
3327,烽
3328,焉
3329,焊
3330,焌
3331,焐
3332,焓
3333,焕
3334,焖
3335,焘
3336,焙
3337,焚
3338,焜
3339,焦
3340,焯
3341,焰
3342,焱
3343,然
3344,煅
3345,煊
3346,煌
3347,煎
3348,煜
3349,煞
3350,煤
3351,煦
3352,照
3353,煨
3354,煮
3355,煲
3356,煳
3357,煸
3358,煺
3359,煽
3360,熄
3361,熊
3362,熏
3363,熔
3364,熘
3365,熙
3366,熜
3367,熟
3368,熠
3369,熥
3370,熨
3371,熬
3372,熵
3373,熹
3374,燃
3375,燊
3376,燎
3377,燏
3378,燔
3379,燕
3380,燠
3381,燥
3382,燧
3383,燮
3384,燹
3385,爆
3386,爝
3387,爨
3388,爪
3389,爬
3390,爰
3391,爱
3392,爵
3393,父
3394,爷
3395,爸
3396,爹
3397,爻
3398,爽
3399,爿
3400,牁
3401,牂
3402,片
3403,版
3404,牌
3405,牍
3406,牒
3407,牖
3408,牙
3409,牚
3410,牛
3411,牝
3412,牟
3413,牡
3414,牢
3415,牦
3416,牧
3417,物
3418,牮
3419,牯
3420,牲
3421,牵
3422,特
3423,牺
3424,牾
3425,犀
3426,犁
3427,犄
3428,犊
3429,犋
3430,犍
3431,犏
3432,犒
3433,犟
3434,犨
3435,犬
3436,犯
3437,犰
3438,犴
3439,状
3440,犷
3441,犸
3442,犹
3443,狁
3444,狂
3445,狃
3446,狄
3447,狈
3448,狉
3449,狍
3450,狎
3451,狐
3452,狒
3453,狗
3454,狙
3455,狝
3456,狞
3457,狠
3458,狡
3459,狨
3460,狩
3461,独
3462,狭
3463,狮
3464,狯
3465,狰
3466,狱
3467,狲
3468,狳
3469,狴
3470,狷
3471,狸
3472,狺
3473,狻
3474,狼
3475,猁
3476,猃
3477,猄
3478,猊
3479,猎
3480,猕
3481,猖
3482,猗
3483,猛
3484,猜
3485,猝
3486,猞
3487,猡
3488,猢
3489,猥
3490,猩
3491,猪
3492,猫
3493,猬
3494,献
3495,猱
3496,猴
3497,猷
3498,猸
3499,猹
3500,猾
3501,猿
3502,獍
3503,獐
3504,獒
3505,獗
3506,獠
3507,獬
3508,獭
3509,獯
3510,獴
3511,獾
3512,玄
3513,率
3514,玉
3515,王
3516,玎
3517,玑
3518,玕
3519,玖
3520,玙
3521,玚
3522,玛
3523,玠
3524,玡
3525,玢
3526,玥
3527,玦
3528,玩
3529,玫
3530,玮
3531,环
3532,现
3533,玲
3534,玳
3535,玷
3536,玺
3537,玻
3538,珀
3539,珂
3540,珈
3541,珉
3542,珊
3543,珍
3544,珏
3545,珐
3546,珑
3547,珙
3548,珞
3549,珠
3550,珣
3551,珥
3552,珧
3553,珩
3554,班
3555,珰
3556,珲
3557,珽
3558,球
3559,琅
3560,理
3561,琇
3562,琉
3563,琎
3564,琏
3565,琐
3566,琚
3567,琛
3568,琢
3569,琤
3570,琥
3571,琦
3572,琨
3573,琪
3574,琫
3575,琬
3576,琮
3577,琯
3578,琰
3579,琳
3580,琴
3581,琵
3582,琶
3583,琼
3584,瑀
3585,瑁
3586,瑄
3587,瑕
3588,瑗
3589,瑙
3590,瑚
3591,瑛
3592,瑜
3593,瑞
3594,瑟
3595,瑢
3596,瑭
3597,瑰
3598,瑶
3599,瑾
3600,璀
3601,璁
3602,璃
3603,璆
3604,璇
3605,璈
3606,璋
3607,璎
3608,璐
3609,璘
3610,璜
3611,璞
3612,璟
3613,璠
3614,璧
3615,璨
3616,璩
3617,璪
3618,瓒
3619,瓘
3620,瓜
3621,瓞
3622,瓠
3623,瓢
3624,瓣
3625,瓤
3626,瓦
3627,瓮
3628,瓯
3629,瓴
3630,瓶
3631,瓷
3632,瓻
3633,瓿
3634,甄
3635,甍
3636,甏
3637,甑
3638,甓
3639,甘
3640,甙
3641,甚
3642,甜
3643,生
3644,甥
3645,用
3646,甩
3647,甪
3648,甫
3649,甬
3650,甭
3651,田
3652,由
3653,甲
3654,申
3655,电
3656,男
3657,甸
3658,町
3659,画
3660,甾
3661,畀
3662,畅
3663,畈
3664,畋
3665,界
3666,畎
3667,畏
3668,畔
3669,留
3670,畚
3671,畛
3672,畜
3673,略
3674,畦
3675,番
3676,畯
3677,畲
3678,畴
3679,畸
3680,畹
3681,畿
3682,疃
3683,疆
3684,疍
3685,疏
3686,疑
3687,疔
3688,疖
3689,疗
3690,疙
3691,疚
3692,疝
3693,疟
3694,疠
3695,疡
3696,疢
3697,疣
3698,疤
3699,疥
3700,疫
3701,疬
3702,疭
3703,疮
3704,疯
3705,疰
3706,疱
3707,疲
3708,疳
3709,疴
3710,疵
3711,疸
3712,疹
3713,疼
3714,疽
3715,疾
3716,痂
3717,痃
3718,痄
3719,病
3720,症
3721,痈
3722,痉
3723,痊
3724,痍
3725,痒
3726,痔
3727,痕
3728,痘
3729,痛
3730,痞
3731,痢
3732,痣
3733,痤
3734,痦
3735,痧
3736,痨
3737,痪
3738,痫
3739,痰
3740,痱
3741,痴
3742,痹
3743,痼
3744,痿
3745,瘁
3746,瘃
3747,瘅
3748,瘆
3749,瘊
3750,瘌
3751,瘐
3752,瘗
3753,瘘
3754,瘙
3755,瘛
3756,瘟
3757,瘠
3758,瘢
3759,瘤
3760,瘥
3761,瘦
3762,瘩
3763,瘪
3764,瘫
3765,瘭
3766,瘰
3767,瘳
3768,瘴
3769,瘵
3770,瘸
3771,瘼
3772,瘾
3773,瘿
3774,癀
3775,癃
3776,癌
3777,癍
3778,癔
3779,癖
3780,癜
3781,癞
3782,癣
3783,癫
3784,癯
3785,癸
3786,登
3787,白
3788,百
3789,皂
3790,的
3791,皆
3792,皇
3793,皈
3794,皋
3795,皎
3796,皑
3797,皓
3798,皖
3799,皤
3800,皮
3801,皱
3802,皲
3803,皴
3804,皿
3805,盂
3806,盅
3807,盆
3808,盈
3809,盉
3810,益
3811,盍
3812,盎
3813,盏
3814,盐
3815,监
3816,盒
3817,盔
3818,盖
3819,盗
3820,盘
3821,盛
3822,盟
3823,盥
3824,盦
3825,目
3826,盯
3827,盱
3828,盲
3829,直
3830,相
3831,盹
3832,盼
3833,盾
3834,省
3835,眄
3836,眇
3837,眈
3838,眉
3839,眊
3840,看
3841,眍
3842,眙
3843,眚
3844,真
3845,眠
3846,眢
3847,眦
3848,眨
3849,眩
3850,眬
3851,眭
3852,眯
3853,眵
3854,眶
3855,眷
3856,眸
3857,眺
3858,眼
3859,着
3860,睁
3861,睃
3862,睇
3863,睐
3864,睑
3865,睚
3866,睛
3867,睡
3868,睢
3869,督
3870,睥
3871,睦
3872,睨
3873,睫
3874,睬
3875,睹
3876,睽
3877,睾
3878,睿
3879,瞀
3880,瞄
3881,瞅
3882,瞌
3883,瞍
3884,瞎
3885,瞑
3886,瞒
3887,瞟
3888,瞠
3889,瞢
3890,瞥
3891,瞧
3892,瞩
3893,瞪
3894,瞬
3895,瞭
3896,瞰
3897,瞳
3898,瞵
3899,瞻
3900,瞽
3901,瞿
3902,矍
3903,矗
3904,矛
3905,矜
3906,矢
3907,矣
3908,知
3909,矧
3910,矩
3911,矫
3912,矬
3913,短
3914,矮
3915,石
3916,矶
3917,矸
3918,矻
3919,矽
3920,矾
3921,矿
3922,砀
3923,码
3924,砂
3925,砉
3926,砌
3927,砍
3928,砑
3929,砒
3930,研
3931,砖
3932,砗
3933,砘
3934,砚
3935,砜
3936,砝
3937,砟
3938,砣
3939,砥
3940,砧
3941,砭
3942,砮
3943,砰
3944,破
3945,砷
3946,砸
3947,砹
3948,砺
3949,砻
3950,砼
3951,砾
3952,础
3953,硁
3954,硅
3955,硇
3956,硌
3957,硎
3958,硐
3959,硒
3960,硕
3961,硖
3962,硗
3963,硚
3964,硝
3965,硪
3966,硫
3967,硬
3968,硭
3969,确
3970,硷
3971,硼
3972,碇
3973,碉
3974,碌
3975,碍
3976,碎
3977,碑
3978,碓
3979,碗
3980,碘
3981,碚
3982,碛
3983,碜
3984,碟
3985,碡
3986,碣
3987,碥
3988,碧
3989,碰
3990,碱
3991,碲
3992,碳
3993,碴
3994,碶
3995,碹
3996,碾
3997,磁
3998,磅
3999,磉
4000,磊
4001,磋
4002,磐
4003,磔
4004,磕
4005,磙
4006,磨
4007,磬
4008,磲
4009,磴
4010,磷
4011,磺
4012,礁
4013,礅
4014,礌
4015,礓
4016,礞
4017,礤
4018,礳
4019,礴
4020,示
4021,礼
4022,社
4023,祀
4024,祁
4025,祃
4026,祆
4027,祈
4028,祉
4029,祎
4030,祓
4031,祖
4032,祗
4033,祚
4034,祛
4035,祜
4036,祝
4037,神
4038,祟
4039,祠
4040,祢
4041,祥
4042,祧
4043,票
4044,祭
4045,祯
4046,祲
4047,祷
4048,祸
4049,祺
4050,祼
4051,祾
4052,禀
4053,禁
4054,禄
4055,禅
4056,禊
4057,福
4058,禚
4059,禤
4060,禧
4061,禳
4062,禹
4063,禺
4064,离
4065,禽
4066,禾
4067,秀
4068,私
4069,秃
4070,秆
4071,秉
4072,秋
4073,种
4074,科
4075,秒
4076,秕
4077,秘
4078,租
4079,秣
4080,秤
4081,秦
4082,秧
4083,秩
4084,秫
4085,秭
4086,积
4087,称
4088,秸
4089,移
4090,秽
4091,秾
4092,稀
4093,稂
4094,稃
4095,稆
4096,程
4097,稍
4098,税
4099,稔
4100,稗
4101,稚
4102,稞
4103,稠
4104,稣
4105,稳
4106,稷
4107,稻
4108,稼
4109,稽
4110,稿
4111,穄
4112,穆
4113,穑
4114,穗
4115,穰
4116,穴
4117,究
4118,穷
4119,穸
4120,穹
4121,空
4122,穿
4123,窀
4124,突
4125,窃
4126,窄
4127,窅
4128,窈
4129,窍
4130,窑
4131,窒
4132,窕
4133,窖
4134,窗
4135,窘
4136,窜
4137,窝
4138,窟
4139,窠
4140,窣
4141,窥
4142,窦
4143,窨
4144,窬
4145,窭
4146,窳
4147,窸
4148,窿
4149,立
4150,竑
4151,竖
4152,站
4153,竞
4154,竟
4155,章
4156,竣
4157,童
4158,竦
4159,竭
4160,端
4161,竹
4162,竺
4163,竽
4164,竿
4165,笃
4166,笄
4167,笆
4168,笈
4169,笊
4170,笋
4171,笏
4172,笑
4173,笔
4174,笕
4175,笙
4176,笛
4177,笞
4178,笠
4179,笤
4180,笥
4181,符
4182,笨
4183,笪
4184,笫
4185,第
4186,笮
4187,笱
4188,笳
4189,笸
4190,笺
4191,笼
4192,笾
4193,筅
4194,筇
4195,等
4196,筋
4197,筌
4198,筏
4199,筐
4200,筑
4201,筒
4202,答
4203,策
4204,筘
4205,筚
4206,筛
4207,筜
4208,筝
4209,筠
4210,筢
4211,筮
4212,筱
4213,筲
4214,筵
4215,筷
4216,筹
4217,筻
4218,筼
4219,签
4220,简
4221,箅
4222,箍
4223,箐
4224,箓
4225,箔
4226,箕
4227,算
4228,箜
4229,管
4230,箢
4231,箦
4232,箧
4233,箨
4234,箩
4235,箪
4236,箫
4237,箬
4238,箭
4239,箱
4240,箴
4241,箸
4242,篁
4243,篆
4244,篇
4245,篌
4246,篑
4247,篓
4248,篙
4249,篚
4250,篝
4251,篡
4252,篥
4253,篦
4254,篪
4255,篮
4256,篱
4257,篷
4258,篼
4259,篾
4260,簃
4261,簇
4262,簉
4263,簋
4264,簌
4265,簏
4266,簖
4267,簟
4268,簠
4269,簦
4270,簧
4271,簪
4272,簸
4273,簿
4274,籀
4275,籁
4276,籍
4277,米
4278,籴
4279,类
4280,籼
4281,籽
4282,粉
4283,粑
4284,粒
4285,粕
4286,粗
4287,粘
4288,粜
4289,粝
4290,粞
4291,粟
4292,粤
4293,粥
4294,粪
4295,粮
4296,粱
4297,粲
4298,粳
4299,粹
4300,粼
4301,粽
4302,精
4303,糁
4304,糅
4305,糇
4306,糈
4307,糊
4308,糌
4309,糍
4310,糕
4311,糖
4312,糗
4313,糙
4314,糜
4315,糟
4316,糠
4317,糨
4318,糯
4319,糵
4320,系
4321,紊
4322,素
4323,索
4324,紧
4325,紫
4326,累
4327,絮
4328,絷
4329,綦
4330,綮
4331,縻
4332,繁
4333,繄
4334,繇
4335,纂
4336,纛
4337,纠
4338,纡
4339,红
4340,纣
4341,纤
4342,纥
4343,约
4344,级
4345,纨
4346,纩
4347,纪
4348,纫
4349,纬
4350,纭
4351,纯
4352,纰
4353,纱
4354,纲
4355,纳
4356,纴
4357,纵
4358,纶
4359,纷
4360,纸
4361,纹
4362,纺
4363,纻
4364,纽
4365,纾
4366,线
4367,绀
4368,绁
4369,绂
4370,练
4371,组
4372,绅
4373,细
4374,织
4375,终
4376,绉
4377,绊
4378,绋
4379,绌
4380,绍
4381,绎
4382,经
4383,绑
4384,绒
4385,结
4386,绔
4387,绕
4388,绗
4389,绘
4390,给
4391,绚
4392,绛
4393,络
4394,绝
4395,绞
4396,统
4397,绠
4398,绡
4399,绢
4400,绣
4401,绤
4402,绥
4403,绦
4404,继
4405,绨
4406,绩
4407,绪
4408,绫
4409,续
4410,绮
4411,绯
4412,绰
4413,绲
4414,绳
4415,维
4416,绵
4417,绶
4418,绷
4419,绸
4420,绹
4421,绺
4422,绻
4423,综
4424,绽
4425,绾
4426,绿
4427,缀
4428,缁
4429,缂
4430,缃
4431,缄
4432,缅
4433,缆
4434,缇
4435,缈
4436,缉
4437,缌
4438,缎
4439,缏
4440,缑
4441,缒
4442,缓
4443,缔
4444,缕
4445,编
4446,缗
4447,缘
4448,缙
4449,缚
4450,缛
4451,缜
4452,缝
4453,缟
4454,缠
4455,缡
4456,缢
4457,缣
4458,缤
4459,缥
4460,缦
4461,缧
4462,缨
4463,缩
4464,缪
4465,缫
4466,缬
4467,缭
4468,缮
4469,缯
4470,缰
4471,缱
4472,缲
4473,缳
4474,缴
4475,缵
4476,缶
4477,缸
4478,缺
4479,罂
4480,罄
4481,罅
4482,罐
4483,网
4484,罔
4485,罕
4486,罗
4487,罘
4488,罚
4489,罟
4490,罡
4491,罢
4492,罨
4493,罩
4494,罪
4495,置
4496,罱
4497,署
4498,罴
4499,罹
4500,罽
4501,罾
4502,羁
4503,羊
4504,羌
4505,美
4506,羑
4507,羔
4508,羚
4509,羝
4510,羞
4511,羟
4512,羡
4513,群
4514,羧
4515,羯
4516,羰
4517,羲
4518,羸
4519,羹
4520,羼
4521,羽
4522,羿
4523,翁
4524,翅
4525,翊
4526,翌
4527,翎
4528,翔
4529,翕
4530,翘
4531,翙
4532,翚
4533,翟
4534,翠
4535,翡
4536,翥
4537,翦
4538,翩
4539,翮
4540,翯
4541,翰
4542,翱
4543,翳
4544,翻
4545,翼
4546,耀
4547,老
4548,考
4549,耄
4550,者
4551,耆
4552,耋
4553,而
4554,耍
4555,耐
4556,耒
4557,耔
4558,耕
4559,耖
4560,耗
4561,耘
4562,耙
4563,耜
4564,耠
4565,耢
4566,耥
4567,耦
4568,耧
4569,耨
4570,耩
4571,耪
4572,耰
4573,耱
4574,耲
4575,耳
4576,耵
4577,耶
4578,耷
4579,耸
4580,耻
4581,耽
4582,耿
4583,聂
4584,聃
4585,聆
4586,聊
4587,聋
4588,职
4589,聍
4590,聒
4591,联
4592,聘
4593,聚
4594,聩
4595,聪
4596,聱
4597,聿
4598,肃
4599,肄
4600,肆
4601,肇
4602,肉
4603,肋
4604,肌
4605,肓
4606,肖
4607,肘
4608,肚
4609,肛
4610,肝
4611,肟
4612,肠
4613,股
4614,肢
4615,肤
4616,肥
4617,肩
4618,肪
4619,肫
4620,肭
4621,肮
4622,肯
4623,肱
4624,育
4625,肴
4626,肷
4627,肺
4628,肼
4629,肽
4630,肾
4631,肿
4632,胀
4633,胁
4634,胂
4635,胃
4636,胄
4637,胆
4638,背
4639,胍
4640,胎
4641,胖
4642,胗
4643,胙
4644,胚
4645,胛
4646,胜
4647,胝
4648,胞
4649,胡
4650,胤
4651,胥
4652,胧
4653,胨
4654,胩
4655,胪
4656,胫
4657,胬
4658,胭
4659,胯
4660,胰
4661,胱
4662,胲
4663,胳
4664,胴
4665,胶
4666,胸
4667,胺
4668,胼
4669,能
4670,脂
4671,脆
4672,脉
4673,脊
4674,脍
4675,脎
4676,脏
4677,脐
4678,脑
4679,脒
4680,脓
4681,脔
4682,脖
4683,脘
4684,脚
4685,脞
4686,脬
4687,脯
4688,脱
4689,脲
4690,脶
4691,脸
4692,脾
4693,腆
4694,腈
4695,腊
4696,腋
4697,腌
4698,腐
4699,腑
4700,腒
4701,腓
4702,腔
4703,腕
4704,腙
4705,腚
4706,腠
4707,腥
4708,腧
4709,腩
4710,腭
4711,腮
4712,腰
4713,腱
4714,腴
4715,腹
4716,腺
4717,腻
4718,腼
4719,腽
4720,腾
4721,腿
4722,膀
4723,膂
4724,膈
4725,膊
4726,膏
4727,膑
4728,膘
4729,膙
4730,膛
4731,膜
4732,膝
4733,膦
4734,膨
4735,膪
4736,膳
4737,膺
4738,膻
4739,臀
4740,臁
4741,臂
4742,臃
4743,臆
4744,臊
4745,臌
4746,臑
4747,臜
4748,臣
4749,臧
4750,自
4751,臬
4752,臭
4753,至
4754,致
4755,臻
4756,臼
4757,臾
4758,舀
4759,舂
4760,舄
4761,舅
4762,舆
4763,舌
4764,舍
4765,舐
4766,舒
4767,舔
4768,舛
4769,舜
4770,舞
4771,舟
4772,舢
4773,舣
4774,舨
4775,航
4776,舫
4777,般
4778,舰
4779,舱
4780,舳
4781,舴
4782,舵
4783,舶
4784,舷
4785,舸
4786,船
4787,舻
4788,舾
4789,艄
4790,艇
4791,艋
4792,艘
4793,艚
4794,艟
4795,艨
4796,艮
4797,良
4798,艰
4799,色
4800,艳
4801,艴
4802,艺
4803,艽
4804,艾
4805,艿
4806,节
4807,芄
4808,芈
4809,芊
4810,芋
4811,芍
4812,芎
4813,芏
4814,芑
4815,芒
4816,芗
4817,芙
4818,芜
4819,芝
4820,芟
4821,芡
4822,芥
4823,芦
4824,芨
4825,芩
4826,芪
4827,芫
4828,芬
4829,芭
4830,芮
4831,芯
4832,芰
4833,花
4834,芳
4835,芴
4836,芷
4837,芸
4838,芹
4839,芼
4840,芽
4841,芾
4842,苁
4843,苄
4844,苇
4845,苈
4846,苊
4847,苋
4848,苌
4849,苍
4850,苎
4851,苏
4852,苑
4853,苒
4854,苓
4855,苔
4856,苕
4857,苗
4858,苘
4859,苛
4860,苜
4861,苞
4862,苟
4863,苠
4864,苡
4865,苣
4866,苤
4867,若
4868,苦
4869,苫
4870,苯
4871,英
4872,苴
4873,苷
4874,苹
4875,苻
4876,茀
4877,茁
4878,茂
4879,范
4880,茄
4881,茅
4882,茆
4883,茈
4884,茉
4885,茌
4886,茎
4887,茏
4888,茑
4889,茓
4890,茔
4891,茕
4892,茗
4893,茚
4894,茛
4895,茜
4896,茝
4897,茧
4898,茨
4899,茫
4900,茬
4901,茭
4902,茯
4903,茱
4904,茳
4905,茴
4906,茵
4907,茶
4908,茸
4909,茹
4910,茼
4911,荀
4912,荃
4913,荆
4914,荇
4915,草
4916,荏
4917,荐
4918,荑
4919,荒
4920,荔
4921,荙
4922,荚
4923,荛
4924,荜
4925,荞
4926,荟
4927,荠
4928,荡
4929,荣
4930,荤
4931,荥
4932,荦
4933,荧
4934,荨
4935,荩
4936,荪
4937,荫
4938,荬
4939,荭
4940,药
4941,荷
4942,荸
4943,荻
4944,荼
4945,荽
4946,莅
4947,莆
4948,莉
4949,莎
4950,莒
4951,莓
4952,莘
4953,莙
4954,莛
4955,莜
4956,莞
4957,莠
4958,莨
4959,莩
4960,莪
4961,莫
4962,莰
4963,莱
4964,莲
4965,莳
4966,莴
4967,莶
4968,获
4969,莸
4970,莹
4971,莺
4972,莼
4973,莽
4974,菀
4975,菁
4976,菂
4977,菅
4978,菇
4979,菊
4980,菌
4981,菏
4982,菔
4983,菖
4984,菘
4985,菜
4986,菝
4987,菟
4988,菠
4989,菡
4990,菥
4991,菩
4992,菪
4993,菰
4994,菱
4995,菲
4996,菹
4997,菼
4998,菽
4999,萁
5000,萃
5001,萄
5002,萋
5003,萌
5004,萍
5005,萎
5006,萏
5007,萑
5008,萘
5009,萜
5010,萝
5011,萤
5012,营
5013,萦
5014,萧
5015,萨
5016,萩
5017,萱
5018,萸
5019,萼
5020,落
5021,葆
5022,葑
5023,葓
5024,葖
5025,著
5026,葚
5027,葛
5028,葜
5029,葡
5030,董
5031,葩
5032,葫
5033,葬
5034,葭
5035,葱
5036,葳
5037,葵
5038,葶
5039,葸
5040,葺
5041,蒂
5042,蒇
5043,蒈
5044,蒉
5045,蒋
5046,蒌
5047,蒎
5048,蒗
5049,蒙
5050,蒜
5051,蒟
5052,蒡
5053,蒯
5054,蒲
5055,蒴
5056,蒸
5057,蒹
5058,蒺
5059,蒽
5060,蒿
5061,蓁
5062,蓂
5063,蓄
5064,蓇
5065,蓉
5066,蓊
5067,蓍
5068,蓐
5069,蓑
5070,蓓
5071,蓖
5072,蓝
5073,蓟
5074,蓠
5075,蓣
5076,蓥
5077,蓦
5078,蓬
5079,蓰
5080,蓼
5081,蓿
5082,蔌
5083,蔑
5084,蔓
5085,蔗
5086,蔚
5087,蔟
5088,蔡
5089,蔫
5090,蔬
5091,蔷
5092,蔸
5093,蔹
5094,蔺
5095,蔻
5096,蔼
5097,蔽
5098,蕃
5099,蕈
5100,蕉
5101,蕊
5102,蕖
5103,蕙
5104,蕞
5105,蕤
5106,蕨
5107,蕰
5108,蕲
5109,蕴
5110,蕹
5111,蕺
5112,蕻
5113,蕾
5114,薄
5115,薅
5116,薇
5117,薏
5118,薛
5119,薜
5120,薤
5121,薨
5122,薪
5123,薮
5124,薯
5125,薰
5126,薷
5127,薹
5128,藁
5129,藉
5130,藏
5131,藐
5132,藓
5133,藕
5134,藜
5135,藠
5136,藤
5137,藩
5138,藻
5139,藿
5140,蘅
5141,蘑
5142,蘖
5143,蘘
5144,蘧
5145,蘩
5146,蘸
5147,蘼
5148,虎
5149,虏
5150,虐
5151,虑
5152,虔
5153,虚
5154,虞
5155,虢
5156,虫
5157,虬
5158,虮
5159,虱
5160,虹
5161,虺
5162,虻
5163,虼
5164,虽
5165,虾
5166,虿
5167,蚀
5168,蚁
5169,蚂
5170,蚊
5171,蚋
5172,蚌
5173,蚍
5174,蚓
5175,蚕
5176,蚜
5177,蚝
5178,蚣
5179,蚤
5180,蚧
5181,蚨
5182,蚩
5183,蚪
5184,蚬
5185,蚯
5186,蚰
5187,蚱
5188,蚴
5189,蚶
5190,蚺
5191,蛀
5192,蛄
5193,蛆
5194,蛇
5195,蛉
5196,蛊
5197,蛋
5198,蛎
5199,蛏
5200,蛐
5201,蛑
5202,蛔
5203,蛘
5204,蛙
5205,蛛
5206,蛞
5207,蛟
5208,蛤
5209,蛩
5210,蛭
5211,蛮
5212,蛰
5213,蛱
5214,蛲
5215,蛳
5216,蛴
5217,蛸
5218,蛹
5219,蛾
5220,蜀
5221,蜂
5222,蜃
5223,蜇
5224,蜈
5225,蜉
5226,蜊
5227,蜍
5228,蜎
5229,蜒
5230,蜓
5231,蜕
5232,蜗
5233,蜘
5234,蜚
5235,蜜
5236,蜞
5237,蜡
5238,蜢
5239,蜣
5240,蜥
5241,蜩
5242,蜮
5243,蜱
5244,蜴
5245,蜷
5246,蜻
5247,蜾
5248,蜿
5249,蝇
5250,蝈
5251,蝉
5252,蝌
5253,蝎
5254,蝓
5255,蝗
5256,蝙
5257,蝠
5258,蝣
5259,蝤
5260,蝥
5261,蝮
5262,蝰
5263,蝴
5264,蝶
5265,蝻
5266,蝼
5267,蝽
5268,蝾
5269,螂
5270,螃
5271,螅
5272,螈
5273,螋
5274,融
5275,螗
5276,螟
5277,螠
5278,螣
5279,螨
5280,螫
5281,螬
5282,螭
5283,螯
5284,螳
5285,螵
5286,螺
5287,螽
5288,蟀
5289,蟆
5290,蟊
5291,蟋
5292,蟑
5293,蟒
5294,蟛
5295,蟠
5296,蟥
5297,蟪
5298,蟮
5299,蟹
5300,蟾
5301,蠃
5302,蠊
5303,蠋
5304,蠓
5305,蠕
5306,蠖
5307,蠡
5308,蠢
5309,蠲
5310,蠹
5311,蠼
5312,血
5313,衄
5314,衅
5315,行
5316,衍
5317,衔
5318,街
5319,衙
5320,衡
5321,衢
5322,衣
5323,补
5324,表
5325,衩
5326,衫
5327,衬
5328,衮
5329,衰
5330,衲
5331,衷
5332,衽
5333,衾
5334,衿
5335,袁
5336,袂
5337,袄
5338,袅
5339,袆
5340,袈
5341,袋
5342,袍
5343,袒
5344,袖
5345,袗
5346,袜
5347,袢
5348,袤
5349,袪
5350,被
5351,袭
5352,袯
5353,袱
5354,袼
5355,裁
5356,裂
5357,装
5358,裆
5359,裈
5360,裉
5361,裎
5362,裒
5363,裔
5364,裕
5365,裘
5366,裙
5367,裟
5368,裢
5369,裣
5370,裤
5371,裥
5372,裨
5373,裰
5374,裱
5375,裳
5376,裴
5377,裸
5378,裹
5379,裼
5380,裾
5381,褂
5382,褊
5383,褐
5384,褒
5385,褓
5386,褙
5387,褚
5388,褛
5389,褡
5390,褥
5391,褪
5392,褫
5393,褰
5394,褴
5395,褶
5396,襁
5397,襄
5398,襕
5399,襞
5400,襟
5401,襦
5402,襻
5403,西
5404,要
5405,覃
5406,覆
5407,见
5408,观
5409,规
5410,觅
5411,视
5412,觇
5413,览
5414,觉
5415,觊
5416,觋
5417,觌
5418,觎
5419,觏
5420,觐
5421,觑
5422,角
5423,觖
5424,觚
5425,觜
5426,觞
5427,解
5428,觥
5429,触
5430,觫
5431,觯
5432,觱
5433,觳
5434,言
5435,訄
5436,訇
5437,訾
5438,詈
5439,詹
5440,誉
5441,誊
5442,誓
5443,謇
5444,警
5445,譬
5446,计
5447,订
5448,讣
5449,认
5450,讥
5451,讦
5452,讧
5453,讨
5454,让
5455,讪
5456,讫
5457,训
5458,议
5459,讯
5460,记
5461,讲
5462,讳
5463,讴
5464,讵
5465,讶
5466,讷
5467,许
5468,讹
5469,论
5470,讼
5471,讽
5472,设
5473,访
5474,诀
5475,证
5476,诂
5477,诃
5478,评
5479,诅
5480,识
5481,诈
5482,诉
5483,诊
5484,诋
5485,诌
5486,词
5487,诎
5488,诏
5489,诐
5490,译
5491,诒
5492,诓
5493,诔
5494,试
5495,诖
5496,诗
5497,诘
5498,诙
5499,诚
5500,诛
5501,诜
5502,话
5503,诞
5504,诟
5505,诠
5506,诡
5507,询
5508,诣
5509,诤
5510,该
5511,详
5512,诧
5513,诨
5514,诩
5515,诫
5516,诬
5517,语
5518,诮
5519,误
5520,诰
5521,诱
5522,诲
5523,诳
5524,说
5525,诵
5526,请
5527,诸
5528,诹
5529,诺
5530,读
5531,诼
5532,诽
5533,课
5534,诿
5535,谀
5536,谁
5537,谂
5538,调
5539,谄
5540,谅
5541,谆
5542,谇
5543,谈
5544,谊
5545,谋
5546,谌
5547,谍
5548,谎
5549,谏
5550,谐
5551,谑
5552,谒
5553,谓
5554,谔
5555,谕
5556,谖
5557,谗
5558,谙
5559,谚
5560,谛
5561,谜
5562,谝
5563,谟
5564,谠
5565,谡
5566,谢
5567,谣
5568,谤
5569,谥
5570,谦
5571,谧
5572,谨
5573,谩
5574,谪
5575,谫
5576,谬
5577,谭
5578,谮
5579,谯
5580,谰
5581,谱
5582,谲
5583,谳
5584,谴
5585,谵
5586,谶
5587,谷
5588,豁
5589,豆
5590,豇
5591,豉
5592,豌
5593,豕
5594,豚
5595,象
5596,豢
5597,豨
5598,豪
5599,豫
5600,豳
5601,豸
5602,豹
5603,豺
5604,貂
5605,貅
5606,貉
5607,貊
5608,貌
5609,貔
5610,貘
5611,贝
5612,贞
5613,负
5614,贡
5615,财
5616,责
5617,贤
5618,败
5619,账
5620,货
5621,质
5622,贩
5623,贪
5624,贫
5625,贬
5626,购
5627,贮
5628,贯
5629,贰
5630,贱
5631,贲
5632,贳
5633,贴
5634,贵
5635,贶
5636,贷
5637,贸
5638,费
5639,贺
5640,贻
5641,贼
5642,贽
5643,贾
5644,贿
5645,赁
5646,赂
5647,赃
5648,资
5649,赅
5650,赆
5651,赇
5652,赈
5653,赉
5654,赊
5655,赋
5656,赌
5657,赍
5658,赎
5659,赏
5660,赐
5661,赑
5662,赓
5663,赔
5664,赖
5665,赘
5666,赙
5667,赚
5668,赛
5669,赜
5670,赝
5671,赞
5672,赟
5673,赠
5674,赡
5675,赢
5676,赣
5677,赤
5678,赦
5679,赧
5680,赪
5681,赫
5682,赭
5683,走
5684,赳
5685,赴
5686,赵
5687,赶
5688,起
5689,趁
5690,趄
5691,超
5692,越
5693,趋
5694,趑
5695,趔
5696,趟
5697,趣
5698,趱
5699,足
5700,趴
5701,趵
5702,趸
5703,趺
5704,趼
5705,趾
5706,趿
5707,跃
5708,跄
5709,跆
5710,跋
5711,跌
5712,跎
5713,跏
5714,跐
5715,跑
5716,跖
5717,跗
5718,跚
5719,跛
5720,距
5721,跞
5722,跟
5723,跣
5724,跤
5725,跨
5726,跪
5727,跬
5728,路
5729,跳
5730,践
5731,跶
5732,跷
5733,跸
5734,跹
5735,跺
5736,跻
5737,跽
5738,踅
5739,踉
5740,踊
5741,踌
5742,踏
5743,踔
5744,踝
5745,踞
5746,踟
5747,踢
5748,踣
5749,踩
5750,踪
5751,踬
5752,踮
5753,踯
5754,踱
5755,踵
5756,踶
5757,踹
5758,踺
5759,踽
5760,蹀
5761,蹁
5762,蹂
5763,蹄
5764,蹅
5765,蹇
5766,蹈
5767,蹉
5768,蹊
5769,蹋
5770,蹐
5771,蹑
5772,蹒
5773,蹓
5774,蹙
5775,蹜
5776,蹢
5777,蹦
5778,蹩
5779,蹬
5780,蹭
5781,蹯
5782,蹰
5783,蹲
5784,蹴
5785,蹶
5786,蹼
5787,蹽
5788,蹾
5789,蹿
5790,躁
5791,躅
5792,躇
5793,躏
5794,躐
5795,躔
5796,躜
5797,躞
5798,身
5799,躬
5800,躯
5801,躲
5802,躺
5803,车
5804,轧
5805,轨
5806,轩
5807,轪
5808,轫
5809,转
5810,轭
5811,轮
5812,软
5813,轰
5814,轱
5815,轲
5816,轳
5817,轴
5818,轵
5819,轶
5820,轷
5821,轸
5822,轹
5823,轺
5824,轻
5825,轼
5826,载
5827,轾
5828,轿
5829,辀
5830,辁
5831,辂
5832,较
5833,辄
5834,辅
5835,辆
5836,辇
5837,辈
5838,辉
5839,辊
5840,辋
5841,辌
5842,辍
5843,辎
5844,辏
5845,辐
5846,辑
5847,辒
5848,输
5849,辔
5850,辕
5851,辖
5852,辗
5853,辘
5854,辙
5855,辚
5856,辛
5857,辜
5858,辞
5859,辟
5860,辣
5861,辨
5862,辩
5863,辫
5864,辰
5865,辱
5866,边
5867,辽
5868,达
5869,迁
5870,迂
5871,迄
5872,迅
5873,过
5874,迈
5875,迎
5876,运
5877,近
5878,迓
5879,返
5880,迕
5881,还
5882,这
5883,进
5884,远
5885,违
5886,连
5887,迟
5888,迢
5889,迤
5890,迥
5891,迦
5892,迨
5893,迩
5894,迪
5895,迫
5896,迭
5897,迮
5898,述
5899,迷
5900,迸
5901,迹
5902,追
5903,退
5904,送
5905,适
5906,逃
5907,逄
5908,逅
5909,逆
5910,选
5911,逊
5912,逋
5913,逍
5914,透
5915,逐
5916,逑
5917,递
5918,途
5919,逖
5920,逗
5921,通
5922,逛
5923,逝
5924,逞
5925,速
5926,造
5927,逡
5928,逢
5929,逦
5930,逭
5931,逮
5932,逯
5933,逵
5934,逶
5935,逸
5936,逻
5937,逼
5938,逾
5939,遁
5940,遂
5941,遄
5942,遇
5943,遍
5944,遏
5945,遐
5946,遑
5947,遒
5948,道
5949,遗
5950,遘
5951,遛
5952,遢
5953,遣
5954,遥
5955,遨
5956,遭
5957,遮
5958,遴
5959,遵
5960,遽
5961,避
5962,邀
5963,邂
5964,邃
5965,邈
5966,邋
5967,邑
5968,邓
5969,邕
5970,邗
5971,邙
5972,邛
5973,邝
5974,邡
5975,邢
5976,那
5977,邦
5978,邪
5979,邬
5980,邮
5981,邯
5982,邰
5983,邱
5984,邳
5985,邴
5986,邵
5987,邶
5988,邸
5989,邹
5990,邺
5991,邻
5992,邽
5993,邾
5994,郁
5995,郄
5996,郅
5997,郇
5998,郈
5999,郊
6000,郎
6001,郏
6002,郐
6003,郑
6004,郓
6005,郗
6006,郚
6007,郛
6008,郜
6009,郝
6010,郡
6011,郢
6012,郤
6013,郦
6014,郧
6015,部
6016,郫
6017,郭
6018,郯
6019,郴
6020,郸
6021,都
6022,郾
6023,郿
6024,鄂
6025,鄄
6026,鄌
6027,鄘
6028,鄙
6029,鄞
6030,鄢
6031,鄣
6032,鄯
6033,鄱
6034,鄹
6035,酃
6036,酆
6037,酉
6038,酊
6039,酋
6040,酌
6041,配
6042,酎
6043,酏
6044,酐
6045,酒
6046,酗
6047,酚
6048,酝
6049,酞
6050,酡
6051,酢
6052,酣
6053,酤
6054,酥
6055,酦
6056,酩
6057,酪
6058,酬
6059,酮
6060,酯
6061,酰
6062,酱
6063,酲
6064,酴
6065,酵
6066,酶
6067,酷
6068,酸
6069,酹
6070,酽
6071,酾
6072,酿
6073,醅
6074,醇
6075,醉
6076,醋
6077,醌
6078,醍
6079,醐
6080,醑
6081,醒
6082,醚
6083,醛
6084,醢
6085,醪
6086,醭
6087,醮
6088,醯
6089,醴
6090,醵
6091,醺
6092,醾
6093,采
6094,釉
6095,释
6096,里
6097,重
6098,野
6099,量
6100,金
6101,釜
6102,鉴
6103,銎
6104,銮
6105,鋆
6106,鋈
6107,錾
6108,鍪
6109,鎏
6110,鏊
6111,鏖
6112,鐾
6113,鑫
6114,钆
6115,钇
6116,针
6117,钉
6118,钊
6119,钋
6120,钌
6121,钍
6122,钎
6123,钏
6124,钐
6125,钒
6126,钓
6127,钔
6128,钕
6129,钗
6130,钘
6131,钙
6132,钚
6133,钛
6134,钝
6135,钞
6136,钟
6137,钠
6138,钡
6139,钢
6140,钣
6141,钤
6142,钥
6143,钦
6144,钧
6145,钨
6146,钩
6147,钪
6148,钫
6149,钬
6150,钭
6151,钮
6152,钯
6153,钰
6154,钱
6155,钲
6156,钳
6157,钴
6158,钵
6159,钷
6160,钹
6161,钺
6162,钻
6163,钼
6164,钽
6165,钾
6166,钿
6167,铀
6168,铁
6169,铂
6170,铃
6171,铄
6172,铅
6173,铆
6174,铈
6175,铉
6176,铊
6177,铋
6178,铌
6179,铍
6180,铎
6181,铐
6182,铑
6183,铒
6184,铕
6185,铗
6186,铘
6187,铙
6188,铚
6189,铛
6190,铜
6191,铝
6192,铞
6193,铟
6194,铠
6195,铡
6196,铢
6197,铣
6198,铤
6199,铥
6200,铧
6201,铨
6202,铩
6203,铪
6204,铫
6205,铬
6206,铭
6207,铮
6208,铯
6209,铰
6210,铱
6211,铲
6212,铳
6213,铴
6214,铵
6215,银
6216,铷
6217,铸
6218,铹
6219,铺
6220,铻
6221,铼
6222,铽
6223,链
6224,铿
6225,销
6226,锁
6227,锂
6228,锃
6229,锄
6230,锅
6231,锆
6232,锇
6233,锈
6234,锉
6235,锊
6236,锋
6237,锌
6238,锎
6239,锏
6240,锐
6241,锑
6242,锒
6243,锓
6244,锔
6245,锕
6246,锖
6247,锗
6248,锘
6249,错
6250,锚
6251,锛
6252,锜
6253,锝
6254,锞
6255,锟
6256,锡
6257,锢
6258,锣
6259,锤
6260,锥
6261,锦
6262,锧
6263,锨
6264,锩
6265,锪
6266,锫
6267,锬
6268,锭
6269,键
6270,锯
6271,锰
6272,锱
6273,锲
6274,锴
6275,锵
6276,锶
6277,锷
6278,锸
6279,锹
6280,锻
6281,锽
6282,锾
6283,锿
6284,镀
6285,镁
6286,镂
6287,镃
6288,镄
6289,镅
6290,镆
6291,镇
6292,镈
6293,镉
6294,镊
6295,镋
6296,镌
6297,镍
6298,镎
6299,镏
6300,镐
6301,镑
6302,镒
6303,镓
6304,镔
6305,镖
6306,镗
6307,镘
6308,镚
6309,镛
6310,镜
6311,镝
6312,镞
6313,镠
6314,镡
6315,镢
6316,镣
6317,镤
6318,镥
6319,镦
6320,镧
6321,镨
6322,镩
6323,镪
6324,镫
6325,镬
6326,镭
6327,镯
6328,镰
6329,镱
6330,镲
6331,镳
6332,镴
6333,镵
6334,镶
6335,长
6336,门
6337,闩
6338,闪
6339,闭
6340,问
6341,闯
6342,闰
6343,闱
6344,闲
6345,闳
6346,间
6347,闵
6348,闶
6349,闷
6350,闸
6351,闹
6352,闺
6353,闻
6354,闼
6355,闽
6356,闾
6357,闿
6358,阀
6359,阁
6360,阂
6361,阃
6362,阄
6363,阅
6364,阆
6365,阇
6366,阈
6367,阉
6368,阊
6369,阋
6370,阌
6371,阍
6372,阎
6373,阏
6374,阐
6375,阑
6376,阒
6377,阔
6378,阕
6379,阖
6380,阗
6381,阘
6382,阙
6383,阚
6384,阜
6385,队
6386,阡
6387,阢
6388,阪
6389,阮
6390,阱
6391,防
6392,阳
6393,阴
6394,阵
6395,阶
6396,阻
6397,阼
6398,阽
6399,阿
6400,陀
6401,陂
6402,附
6403,际
6404,陆
6405,陇
6406,陈
6407,陉
6408,陋
6409,陌
6410,降
6411,限
6412,陔
6413,陕
6414,陛
6415,陟
6416,陡
6417,院
6418,除
6419,陧
6420,陨
6421,险
6422,陪
6423,陬
6424,陲
6425,陴
6426,陵
6427,陶
6428,陷
6429,隅
6430,隆
6431,隈
6432,隋
6433,隍
6434,随
6435,隐
6436,隔
6437,隗
6438,隘
6439,隙
6440,障
6441,隧
6442,隰
6443,隳
6444,隶
6445,隼
6446,隽
6447,难
6448,雀
6449,雁
6450,雄
6451,雅
6452,集
6453,雇
6454,雉
6455,雌
6456,雍
6457,雎
6458,雏
6459,雒
6460,雕
6461,雠
6462,雨
6463,雩
6464,雪
6465,雯
6466,雳
6467,零
6468,雷
6469,雹
6470,雾
6471,需
6472,霁
6473,霄
6474,霆
6475,震
6476,霈
6477,霉
6478,霍
6479,霎
6480,霏
6481,霓
6482,霖
6483,霜
6484,霞
6485,霪
6486,霭
6487,霰
6488,露
6489,霸
6490,霹
6491,霾
6492,青
6493,靓
6494,靖
6495,静
6496,靛
6497,非
6498,靠
6499,靡
6500,面
6501,靥
6502,革
6503,靰
6504,靳
6505,靴
6506,靶
6507,靸
6508,靺
6509,靼
6510,靽
6511,靿
6512,鞁
6513,鞅
6514,鞋
6515,鞍
6516,鞑
6517,鞒
6518,鞘
6519,鞠
6520,鞡
6521,鞣
6522,鞧
6523,鞨
6524,鞫
6525,鞭
6526,鞯
6527,鞲
6528,鞴
6529,韂
6530,韦
6531,韧
6532,韨
6533,韩
6534,韪
6535,韫
6536,韬
6537,韭
6538,音
6539,韵
6540,韶
6541,页
6542,顶
6543,顷
6544,顸
6545,项
6546,顺
6547,须
6548,顼
6549,顽
6550,顾
6551,顿
6552,颀
6553,颁
6554,颂
6555,颃
6556,预
6557,颅
6558,领
6559,颇
6560,颈
6561,颉
6562,颊
6563,颋
6564,颌
6565,颍
6566,颏
6567,颐
6568,频
6569,颓
6570,颔
6571,颖
6572,颗
6573,题
6574,颙
6575,颚
6576,颛
6577,颜
6578,额
6579,颞
6580,颟
6581,颠
6582,颡
6583,颢
6584,颤
6585,颥
6586,颦
6587,颧
6588,风
6589,飐
6590,飑
6591,飒
6592,飓
6593,飔
6594,飕
6595,飗
6596,飘
6597,飙
6598,飞
6599,食
6600,飧
6601,飨
6602,餍
6603,餐
6604,餮
6605,饔
6606,饕
6607,饥
6608,饧
6609,饨
6610,饩
6611,饪
6612,饫
6613,饬
6614,饭
6615,饮
6616,饯
6617,饰
6618,饱
6619,饲
6620,饳
6621,饴
6622,饵
6623,饶
6624,饷
6625,饸
6626,饹
6627,饺
6628,饻
6629,饼
6630,饽
6631,饿
6632,馀
6633,馁
6634,馃
6635,馄
6636,馅
6637,馆
6638,馇
6639,馈
6640,馉
6641,馊
6642,馋
6643,馌
6644,馍
6645,馏
6646,馐
6647,馑
6648,馒
6649,馓
6650,馔
6651,馕
6652,首
6653,馗
6654,馘
6655,香
6656,馥
6657,馨
6658,马
6659,驭
6660,驮
6661,驯
6662,驰
6663,驱
6664,驳
6665,驴
6666,驵
6667,驶
6668,驷
6669,驸
6670,驹
6671,驺
6672,驻
6673,驼
6674,驽
6675,驾
6676,驿
6677,骀
6678,骁
6679,骂
6680,骄
6681,骅
6682,骆
6683,骇
6684,骈
6685,骊
6686,骋
6687,验
6688,骍
6689,骎
6690,骏
6691,骐
6692,骑
6693,骒
6694,骓
6695,骖
6696,骗
6697,骘
6698,骙
6699,骚
6700,骛
6701,骜
6702,骝
6703,骞
6704,骟
6705,骠
6706,骡
6707,骢
6708,骣
6709,骤
6710,骥
6711,骧
6712,骨
6713,骰
6714,骶
6715,骷
6716,骸
6717,骺
6718,骼
6719,髀
6720,髁
6721,髂
6722,髅
6723,髋
6724,髌
6725,髑
6726,髓
6727,高
6728,髡
6729,髦
6730,髫
6731,髭
6732,髯
6733,髹
6734,髻
6735,鬃
6736,鬈
6737,鬏
6738,鬓
6739,鬟
6740,鬣
6741,鬯
6742,鬲
6743,鬶
6744,鬻
6745,鬼
6746,魁
6747,魂
6748,魃
6749,魄
6750,魅
6751,魆
6752,魇
6753,魈
6754,魉
6755,魍
6756,魏
6757,魑
6758,魔
6759,鱼
6760,鱽
6761,鱾
6762,鱿
6763,鲀
6764,鲁
6765,鲂
6766,鲃
6767,鲅
6768,鲆
6769,鲇
6770,鲈
6771,鲉
6772,鲊
6773,鲋
6774,鲌
6775,鲍
6776,鲎
6777,鲏
6778,鲐
6779,鲑
6780,鲔
6781,鲙
6782,鲚
6783,鲛
6784,鲜
6785,鲞
6786,鲟
6787,鲠
6788,鲡
6789,鲢
6790,鲣
6791,鲤
6792,鲥
6793,鲦
6794,鲧
6795,鲨
6796,鲩
6797,鲪
6798,鲫
6799,鲬
6800,鲭
6801,鲮
6802,鲯
6803,鲰
6804,鲱
6805,鲲
6806,鲳
6807,鲴
6808,鲵
6809,鲷
6810,鲸
6811,鲹
6812,鲺
6813,鲻
6814,鲼
6815,鲽
6816,鲾
6817,鳀
6818,鳁
6819,鳂
6820,鳃
6821,鳄
6822,鳅
6823,鳆
6824,鳇
6825,鳈
6826,鳉
6827,鳊
6828,鳌
6829,鳍
6830,鳎
6831,鳏
6832,鳐
6833,鳑
6834,鳓
6835,鳔
6836,鳕
6837,鳖
6838,鳗
6839,鳘
6840,鳙
6841,鳚
6842,鳜
6843,鳝
6844,鳞
6845,鳟
6846,鳡
6847,鳢
6848,鳤
6849,鸟
6850,鸠
6851,鸡
6852,鸢
6853,鸣
6854,鸤
6855,鸥
6856,鸦
6857,鸨
6858,鸩
6859,鸪
6860,鸫
6861,鸬
6862,鸭
6863,鸮
6864,鸯
6865,鸰
6866,鸱
6867,鸲
6868,鸳
6869,鸵
6870,鸶
6871,鸷
6872,鸸
6873,鸹
6874,鸺
6875,鸻
6876,鸼
6877,鸽
6878,鸾
6879,鸿
6880,鹀
6881,鹁
6882,鹂
6883,鹃
6884,鹄
6885,鹅
6886,鹆
6887,鹇
6888,鹈
6889,鹉
6890,鹊
6891,鹋
6892,鹌
6893,鹎
6894,鹏
6895,鹐
6896,鹑
6897,鹕
6898,鹗
6899,鹘
6900,鹚
6901,鹛
6902,鹜
6903,鹝
6904,鹞
6905,鹟
6906,鹠
6907,鹡
6908,鹣
6909,鹤
6910,鹦
6911,鹧
6912,鹨
6913,鹩
6914,鹪
6915,鹫
6916,鹬
6917,鹭
6918,鹮
6919,鹰
6920,鹱
6921,鹲
6922,鹳
6923,鹿
6924,麂
6925,麇
6926,麈
6927,麋
6928,麒
6929,麓
6930,麝
6931,麟
6932,麦
6933,麸
6934,麻
6935,麽
6936,麾
6937,黄
6938,黇
6939,黉
6940,黍
6941,黎
6942,黏
6943,黑
6944,黔
6945,默
6946,黛
6947,黜
6948,黝
6949,黟
6950,黠
6951,黢
6952,黥
6953,黧
6954,黩
6955,黯
6956,黹
6957,黻
6958,黼
6959,黾
6960,鼋
6961,鼍
6962,鼎
6963,鼐
6964,鼒
6965,鼓
6966,鼗
6967,鼙
6968,鼠
6969,鼢
6970,鼩
6971,鼫
6972,鼬
6973,鼯
6974,鼱
6975,鼷
6976,鼹
6977,鼻
6978,鼾
6979,齁
6980,齉
6981,齐
6982,齑
6983,齿
6984,龀
6985,龁
6986,龃
6987,龄
6988,龅
6989,龆
6990,龇
6991,龈
6992,龉
6993,龊
6994,龋
6995,龌
6996,龙
6997,龚
6998,龛
6999,龟
7000,龠